Partidos/Juntas,373.0,377.0,378.0,379.0,380.0,436.0,437.0,438.0,439.0,440.0,456.0,478.0,479.0,480.0,481.0,482.0,483.0,484.0,485.0,486.0,487.0,488.0,489.0,490.0,491.0,492.0,493.0,494.0,495.0,496.0,497.0,500.0,501.0,503.0,504.0,505.0,506.0,507.0,508.0,509.0,510.0,511.0,512.0,513.0,514.0,515.0,516.0,517.0,518.0,519.0,520.0,521.0,522.0,523.0,524.0,525.0,526.0,527.0,528.0,529.0,530.0,531.0,532.0,533.0,534.0,535.0,536.0,537.0,538.0,539.0,540.0,541.0,542.0,543.0,544.0,545.0,546.0,547.0,548.0,549.0,550.0,551.0,552.0,553.0,554.0,555.0,556.0,557.0,558.0,559.0,560.0,561.0,562.0,563.0,564.0,565.0,566.0,567.0,568.0,569.0,570.0,571.0,572.0,573.0,574.0,575.0,576.0,577.0,578.0,579.0,580.0,581.0,582.0,583.0,584.0,585.0,586.0,587.0,588.0,589.0,590.0,592.0,593.0,594.0,595.0,596.0,597.0,598.0,599.0,600.0,601.0,602.0,603.0,604.0,605.0,606.0,607.0,608.0,609.0,610.0,611.0,612.0,613.0,614.0,615.0,616.0,617.0,618.0,619.0,620.0,621.0,622.0,623.0,624.0,625.0,626.0,627.0,628.0,629.0,630.0,631.0,632.0,633.0,634.0,635.0,636.0,637.0,638.0,639.0,640.0,641.0,642.0,643.0,645.0,646.0,647.0,648.0,649.0,650.0,651.0,652.0,653.0,654.0,655.0,656.0,657.0,658.0,659.0,660.0,661.0,662.0,663.0,664.0,665.0,666.0,667.0,668.0,669.0,670.0,671.0,672.0,673.0,674.0,675.0,676.0,677.0,678.0,679.0,680.0,681.0,682.0,683.0,684.0,685.0,686.0,687.0,688.0,689.0,690.0,691.0,692.0,693.0,694.0,695.0,696.0,697.0,698.0,699.0,700.0,701.0,702.0,703.0,704.0,705.0,706.0,707.0,708.0,709.0,710.0,711.0,712.0,713.0,714.0,715.0,716.0,717.0,718.0,719.0,720.0,721.0,722.0,723.0,724.0,725.0,726.0,727.0,728.0,729.0,730.0,731.0,732.0,733.0,734.0,735.0,736.0,737.0,738.0,739.0,740.0,741.0,742.0,743.0,744.0,745.0,746.0,747.0,748.0,749.0,750.0,751.0,752.0,753.0,754.0,755.0,756.0,757.0,758.0,759.0,760.0,761.0,762.0,763.0,764.0,765.0,766.0,767.0,768.0,769.0,770.0,771.0,772.0,773.0,774.0,775.0,776.0,777.0,778.0,779.0,780.0,781.0,782.0,783.0,784.0,785.0,786.0,787.0,788.0,789.0,790.0,791.0,792.0,793.0,794.0,795.0,796.0,797.0,798.0,799.0,800.0,801.0,802.0,803.0,804.0,805.0,806.0,807.0,808.0,809.0,811.0,812.0,813.0,814.0,815.0,816.0,817.0,818.0,819.0,820.0,821.0,822.0,823.0,824.0,825.0,826.0,827.0,828.0,841.0,842.0,843.0,844.0,845.0,846.0,847.0,848.0,849.0,850.0,851.0,852.0,853.0,854.0,855.0,856.0,857.0,858.0,859.0,860.0,861.0,862.0,863.0,881.0,882.0,883.0,884.0,885.0,886.0,887.0,888.0,889.0,890.0,901.0,902.0,903.0,904.0,905.0,906.0,907.0,908.0,909.0,910.0,911.0,912.0,913.0,914.0,915.0,916.0,917.0,918.0,919.0,920.0,921.0,922.0,923.0,924.0,925.0,926.0,927.0,928.0,929.0,930.0,931.0,932.0,933.0,934.0,935.0,936.0,937.0,938.0,939.0,940.0,941.0,942.0,943.0,944.0,945.0,948.0,949.0,950.0,951.0,952.0,954.0,956.0,961.0,962.0,963.0,964.0,965.0,966.0,967.0,968.0
ACCESIBILIDAD SIN EXCLUSION,0.0,0.0,0.0,1.0,0.0,2.0,2.0,1.0,5.0,4.0,1.0,1.0,0.0,1.0,0.0,0.0,2.0,0.0,1.0,0.0,0.0,1.0,2.0,0.0,0.0,0.0,0.0,1.0,1.0,2.0,2.0,0.0,1.0,1.0,1.0,1.0,3.0,2.0,3.0,0.0,1.0,0.0,1.0,1.0,0.0,1.0,0.0,1.0,0.0,0.0,1.0,2.0,2.0,2.0,2.0,1.0,3.0,1.0,5.0,1.0,2.0,2.0,2.0,2.0,1.0,0.0,3.0,1.0,3.0,1.0,3.0,3.0,0.0,1.0,1.0,1.0,1.0,3.0,1.0,0.0,0.0,1.0,0.0,1.0,1.0,2.0,2.0,0.0,0.0,0.0,1.0,1.0,2.0,1.0,1.0,3.0,1.0,0.0,0.0,0.0,3.0,1.0,1.0,0.0,1.0,2.0,1.0,1.0,4.0,1.0,0.0,0.0,1.0,0.0,0.0,1.0,2.0,4.0,2.0,1.0,1.0,3.0,1.0,3.0,1.0,3.0,2.0,1.0,0.0,2.0,0.0,1.0,3.0,1.0,4.0,4.0,1.0,3.0,1.0,3.0,3.0,0.0,0.0,1.0,3.0,0.0,1.0,4.0,3.0,3.0,0.0,2.0,3.0,1.0,1.0,0.0,2.0,0.0,1.0,1.0,2.0,2.0,0.0,0.0,1.0,0.0,0.0,0.0,2.0,1.0,2.0,3.0,2.0,0.0,1.0,1.0,1.0,2.0,0.0,0.0,0.0,0.0,1.0,0.0,4.0,3.0,4.0,2.0,1.0,0.0,3.0,3.0,0.0,3.0,0.0,0.0,2.0,2.0,1.0,1.0,2.0,2.0,0.0,1.0,0.0,1.0,0.0,5.0,1.0,1.0,3.0,4.0,1.0,0.0,2.0,3.0,0.0,3.0,0.0,2.0,2.0,1.0,2.0,1.0,1.0,0.0,1.0,2.0,2.0,4.0,0.0,1.0,1.0,4.0,1.0,0.0,1.0,2.0,0.0,2.0,0.0,2.0,2.0,1.0,5.0,0.0,1.0,0.0,0.0,1.0,1.0,0.0,0.0,1.0,1.0,0.0,1.0,0.0,2.0,2.0,0.0,0.0,0.0,5.0,3.0,0.0,1.0,2.0,0.0,4.0,1.0,0.0,1.0,1.0,1.0,1.0,1.0,1.0,3.0,0.0,1.0,1.0,1.0,3.0,1.0,1.0,4.0,3.0,6.0,0.0,4.0,1.0,4.0,2.0,1.0,2.0,5.0,2.0,3.0,0.0,1.0,1.0,2.0,1.0,0.0,1.0,2.0,3.0,3.0,1.0,0.0,2.0,2.0,0.0,0.0,1.0,1.0,1.0,0.0,0.0,1.0,0.0,0.0,0.0,0.0,0.0,0.0,0.0,0.0,0.0,3.0,1.0,0.0,1.0,0.0,1.0,1.0,2.0,0.0,2.0,3.0,0.0,1.0,0.0,2.0,2.0,0.0,4.0,1.0,1.0,1.0,0.0,0.0,0.0,1.0,0.0,0.0,1.0,1.0,1.0,0.0,1.0,2.0,0.0,0.0,0.0,0.0,4.0,1.0,2.0,1.0,1.0,0.0,3.0,1.0,0.0,2.0,2.0,2.0,3.0,1.0,1.0,1.0,0.0,1.0,0.0,0.0,2.0,1.0,0.0,2.0,0.0,1.0,0.0,0.0,1.0,2.0,2.0,0.0,4.0,0.0,0.0,2.0,1.0,1.0,4.0,2.0,0.0,0.0,1.0,2.0,1.0,2.0,1.0,0.0,1.0,1.0,2.0,4.0,0.0,1.0,3.0,5.0,0.0,0.0,2.0,1.0,2.0,2.0,1.0,0.0,2.0,1.0,3.0,0.0,1.0,3.0,0.0,3.0,1.0,1.0,2.0,2.0,1.0,0.0,0.0,1.0,0.0,0.0
ACCION CIUDADANA,97.0,123.0,104.0,88.0,102.0,108.0,112.0,100.0,92.0,96.0,84.0,76.0,82.0,82.0,107.0,72.0,75.0,96.0,97.0,113.0,83.0,104.0,81.0,7.0,105.0,95.0,102.0,112.0,108.0,119.0,115.0,112.0,110.0,117.0,91.0,110.0,99.0,80.0,91.0,91.0,95.0,114.0,110.0,110.0,92.0,96.0,107.0,112.0,89.0,93.0,93.0,87.0,82.0,85.0,101.0,114.0,101.0,97.0,108.0,114.0,101.0,97.0,94.0,110.0,91.0,121.0,87.0,96.0,99.0,92.0,116.0,84.0,94.0,2.0,64.0,95.0,69.0,74.0,94.0,82.0,80.0,98.0,85.0,93.0,82.0,95.0,88.0,103.0,94.0,73.0,71.0,84.0,72.0,92.0,84.0,82.0,61.0,80.0,70.0,66.0,81.0,70.0,85.0,69.0,56.0,63.0,69.0,2.0,63.0,82.0,60.0,67.0,68.0,65.0,29.0,61.0,69.0,77.0,66.0,62.0,58.0,52.0,65.0,59.0,58.0,85.0,79.0,75.0,78.0,99.0,93.0,96.0,85.0,79.0,83.0,87.0,78.0,70.0,62.0,62.0,70.0,76.0,71.0,89.0,85.0,66.0,71.0,99.0,121.0,96.0,85.0,90.0,131.0,97.0,119.0,101.0,105.0,105.0,96.0,86.0,76.0,111.0,96.0,76.0,94.0,88.0,51.0,1.0,0.0,145.0,103.0,135.0,126.0,124.0,119.0,126.0,137.0,126.0,123.0,126.0,101.0,118.0,103.0,121.0,104.0,116.0,106.0,43.0,63.0,29.0,80.0,88.0,120.0,73.0,78.0,67.0,63.0,71.0,67.0,56.0,49.0,65.0,70.0,81.0,81.0,69.0,111.0,96.0,69.0,70.0,72.0,58.0,42.0,4.0,58.0,44.0,10.0,31.0,129.0,152.0,135.0,116.0,57.0,122.0,84.0,86.0,84.0,107.0,89.0,62.0,76.0,68.0,84.0,79.0,78.0,83.0,91.0,100.0,114.0,107.0,93.0,118.0,103.0,122.0,89.0,96.0,104.0,116.0,105.0,66.0,81.0,86.0,103.0,95.0,92.0,93.0,93.0,99.0,109.0,108.0,88.0,82.0,79.0,123.0,94.0,111.0,114.0,104.0,127.0,113.0,106.0,95.0,90.0,90.0,109.0,112.0,119.0,131.0,108.0,112.0,120.0,107.0,93.0,106.0,92.0,128.0,31.0,32.0,24.0,32.0,35.0,32.0,32.0,25.0,37.0,22.0,21.0,32.0,30.0,30.0,30.0,35.0,29.0,29.0,23.0,30.0,34.0,29.0,105.0,127.0,109.0,97.0,149.0,122.0,113.0,115.0,110.0,116.0,139.0,124.0,90.0,136.0,83.0,69.0,96.0,44.0,11.0,2.0,75.0,78.0,84.0,64.0,51.0,48.0,8.0,22.0,7.0,17.0,3.0,48.0,96.0,77.0,114.0,68.0,65.0,73.0,56.0,58.0,93.0,66.0,40.0,40.0,62.0,26.0,82.0,60.0,19.0,6.0,27.0,12.0,22.0,30.0,6.0,6.0,13.0,15.0,1.0,132.0,164.0,138.0,115.0,142.0,91.0,101.0,131.0,98.0,119.0,116.0,122.0,87.0,76.0,86.0,96.0,89.0,95.0,97.0,99.0,74.0,104.0,76.0,79.0,88.0,100.0,83.0,91.0,87.0,87.0,79.0,113.0,80.0,62.0,72.0,70.0,79.0,71.0,63.0,53.0,38.0,62.0,0.0,75.0,68.0,61.0,18.0,28.0,23.0,136.0,134.0,132.0,137.0,126.0,123.0,94.0,3.0,18.0,21.0,107.0,102.0,110.0,110.0,122.0,124.0,26.0,68.0,14.0,49.0,36.0,19.0,71.0,79.0,56.0,61.0,45.0,139.0,128.0,143.0,127.0,118.0,125.0
ALIANZA DEMOCRATA CRISTIANA,0.0,1.0,0.0,2.0,1.0,2.0,1.0,0.0,1.0,1.0,0.0,0.0,0.0,0.0,0.0,2.0,0.0,0.0,1.0,1.0,0.0,0.0,0.0,0.0,2.0,4.0,2.0,3.0,1.0,2.0,4.0,2.0,3.0,2.0,0.0,2.0,0.0,1.0,0.0,2.0,1.0,1.0,4.0,3.0,1.0,5.0,5.0,0.0,0.0,1.0,1.0,4.0,3.0,3.0,0.0,3.0,0.0,0.0,3.0,1.0,3.0,4.0,2.0,0.0,0.0,1.0,1.0,1.0,0.0,2.0,4.0,0.0,0.0,1.0,0.0,0.0,2.0,1.0,1.0,1.0,2.0,0.0,1.0,1.0,0.0,0.0,2.0,1.0,1.0,0.0,1.0,1.0,1.0,1.0,2.0,0.0,1.0,1.0,0.0,0.0,0.0,2.0,0.0,1.0,2.0,2.0,1.0,0.0,3.0,1.0,0.0,2.0,1.0,1.0,1.0,4.0,4.0,1.0,0.0,1.0,0.0,0.0,0.0,0.0,0.0,1.0,1.0,1.0,1.0,0.0,3.0,2.0,0.0,0.0,2.0,1.0,0.0,0.0,0.0,1.0,2.0,2.0,2.0,0.0,0.0,2.0,0.0,1.0,0.0,6.0,1.0,3.0,2.0,2.0,0.0,6.0,2.0,6.0,1.0,1.0,4.0,1.0,1.0,0.0,2.0,2.0,0.0,0.0,0.0,4.0,0.0,4.0,0.0,2.0,2.0,4.0,2.0,0.0,1.0,2.0,1.0,0.0,1.0,1.0,0.0,1.0,3.0,1.0,1.0,0.0,2.0,1.0,1.0,1.0,0.0,0.0,0.0,1.0,0.0,1.0,0.0,1.0,0.0,0.0,0.0,1.0,0.0,0.0,2.0,0.0,0.0,1.0,0.0,0.0,0.0,1.0,0.0,0.0,1.0,1.0,3.0,3.0,0.0,1.0,3.0,1.0,1.0,0.0,3.0,1.0,3.0,0.0,1.0,0.0,0.0,0.0,3.0,1.0,1.0,1.0,2.0,4.0,2.0,0.0,1.0,1.0,0.0,2.0,1.0,2.0,2.0,4.0,0.0,1.0,2.0,3.0,4.0,1.0,1.0,0.0,1.0,1.0,3.0,5.0,1.0,4.0,0.0,2.0,0.0,2.0,0.0,2.0,2.0,2.0,2.0,2.0,2.0,2.0,3.0,0.0,2.0,1.0,1.0,3.0,2.0,3.0,1.0,1.0,1.0,2.0,0.0,2.0,1.0,1.0,2.0,1.0,3.0,0.0,2.0,1.0,1.0,2.0,1.0,1.0,1.0,3.0,2.0,0.0,1.0,0.0,1.0,2.0,0.0,1.0,0.0,1.0,3.0,2.0,5.0,0.0,1.0,0.0,1.0,0.0,0.0,0.0,0.0,0.0,1.0,0.0,0.0,2.0,0.0,0.0,1.0,1.0,0.0,1.0,0.0,0.0,0.0,0.0,0.0,0.0,0.0,0.0,3.0,0.0,1.0,0.0,0.0,0.0,1.0,0.0,0.0,2.0,0.0,0.0,0.0,0.0,0.0,1.0,0.0,0.0,0.0,0.0,0.0,3.0,5.0,1.0,1.0,0.0,0.0,0.0,0.0,2.0,0.0,2.0,2.0,2.0,1.0,0.0,2.0,1.0,0.0,1.0,1.0,2.0,1.0,0.0,0.0,0.0,0.0,2.0,1.0,0.0,2.0,1.0,3.0,0.0,0.0,1.0,2.0,2.0,6.0,0.0,1.0,0.0,1.0,0.0,3.0,3.0,0.0,0.0,1.0,0.0,2.0,1.0,1.0,1.0,1.0,1.0,0.0,0.0,3.0,0.0,1.0,0.0,1.0,1.0,0.0,1.0,0.0,1.0,0.0,0.0,0.0,0.0,2.0,0.0,2.0,2.0,0.0,0.0,0.0,1.0,1.0,0.0,0.0
DE LOS TRABAJADORES,1.0,1.0,1.0,1.0,1.0,0.0,2.0,3.0,0.0,0.0,0.0,0.0,1.0,1.0,1.0,1.0,0.0,0.0,1.0,2.0,2.0,0.0,1.0,0.0,0.0,0.0,2.0,1.0,1.0,1.0,0.0,0.0,3.0,0.0,0.0,0.0,0.0,2.0,3.0,0.0,2.0,2.0,0.0,1.0,0.0,0.0,1.0,2.0,0.0,0.0,3.0,2.0,2.0,1.0,0.0,1.0,0.0,0.0,0.0,0.0,2.0,0.0,0.0,0.0,1.0,0.0,0.0,0.0,2.0,0.0,2.0,0.0,1.0,1.0,0.0,0.0,1.0,1.0,0.0,0.0,1.0,2.0,0.0,1.0,2.0,0.0,1.0,1.0,1.0,0.0,1.0,0.0,1.0,0.0,2.0,1.0,0.0,0.0,0.0,2.0,0.0,1.0,1.0,1.0,0.0,0.0,1.0,0.0,0.0,0.0,2.0,0.0,0.0,1.0,0.0,0.0,2.0,0.0,1.0,1.0,0.0,0.0,3.0,0.0,0.0,1.0,0.0,1.0,1.0,1.0,1.0,2.0,3.0,4.0,2.0,2.0,0.0,1.0,2.0,0.0,0.0,1.0,0.0,3.0,0.0,5.0,0.0,0.0,1.0,0.0,1.0,2.0,0.0,2.0,1.0,1.0,3.0,0.0,1.0,0.0,0.0,1.0,3.0,0.0,0.0,0.0,0.0,0.0,0.0,2.0,0.0,0.0,0.0,1.0,0.0,0.0,1.0,0.0,0.0,1.0,0.0,3.0,0.0,0.0,2.0,0.0,1.0,1.0,0.0,0.0,2.0,0.0,0.0,0.0,1.0,0.0,1.0,0.0,1.0,2.0,0.0,0.0,3.0,1.0,0.0,0.0,1.0,0.0,3.0,0.0,1.0,0.0,0.0,0.0,0.0,0.0,0.0,1.0,0.0,2.0,1.0,0.0,0.0,2.0,0.0,0.0,3.0,3.0,0.0,2.0,0.0,0.0,1.0,0.0,2.0,2.0,1.0,0.0,0.0,1.0,0.0,0.0,1.0,1.0,2.0,1.0,0.0,0.0,1.0,1.0,0.0,0.0,1.0,0.0,0.0,2.0,1.0,0.0,1.0,3.0,1.0,0.0,2.0,0.0,0.0,3.0,0.0,0.0,1.0,0.0,0.0,0.0,1.0,0.0,1.0,0.0,1.0,0.0,1.0,1.0,2.0,1.0,0.0,0.0,0.0,1.0,0.0,1.0,0.0,2.0,0.0,2.0,0.0,0.0,0.0,2.0,1.0,1.0,1.0,0.0,1.0,1.0,0.0,3.0,1.0,2.0,0.0,1.0,1.0,2.0,1.0,0.0,1.0,0.0,2.0,1.0,0.0,0.0,0.0,0.0,1.0,0.0,0.0,0.0,0.0,0.0,0.0,0.0,0.0,1.0,1.0,0.0,0.0,0.0,0.0,0.0,0.0,0.0,0.0,0.0,0.0,0.0,0.0,1.0,0.0,0.0,1.0,1.0,1.0,0.0,0.0,0.0,0.0,0.0,0.0,2.0,0.0,0.0,0.0,0.0,0.0,0.0,0.0,0.0,0.0,1.0,0.0,1.0,1.0,0.0,0.0,0.0,1.0,1.0,0.0,0.0,1.0,0.0,1.0,1.0,0.0,1.0,1.0,0.0,0.0,1.0,1.0,1.0,0.0,0.0,0.0,0.0,1.0,3.0,0.0,0.0,1.0,0.0,0.0,1.0,2.0,0.0,1.0,1.0,0.0,3.0,0.0,0.0,5.0,1.0,0.0,1.0,0.0,0.0,0.0,0.0,0.0,0.0,2.0,0.0,0.0,3.0,1.0,0.0,0.0,0.0,2.0,1.0,1.0,1.0,1.0,1.0,1.0,0.0,0.0,0.0,0.0,0.0,0.0,1.0,0.0,1.0,2.0,1.0,0.0,1.0,0.0,0.0,1.0
FRENTE AMPLIO,3.0,2.0,2.0,6.0,7.0,4.0,4.0,5.0,3.0,3.0,1.0,0.0,0.0,0.0,3.0,3.0,0.0,5.0,1.0,2.0,5.0,2.0,3.0,0.0,7.0,2.0,3.0,3.0,4.0,3.0,1.0,2.0,2.0,2.0,1.0,5.0,4.0,5.0,2.0,6.0,3.0,1.0,5.0,1.0,2.0,5.0,4.0,7.0,3.0,4.0,4.0,5.0,4.0,3.0,0.0,2.0,3.0,2.0,4.0,8.0,3.0,4.0,4.0,5.0,6.0,4.0,4.0,5.0,2.0,0.0,5.0,3.0,1.0,1.0,4.0,3.0,1.0,4.0,4.0,0.0,5.0,2.0,2.0,3.0,2.0,2.0,1.0,3.0,3.0,5.0,5.0,1.0,2.0,2.0,1.0,2.0,3.0,1.0,3.0,1.0,0.0,1.0,5.0,1.0,2.0,1.0,3.0,0.0,0.0,3.0,3.0,0.0,2.0,1.0,0.0,3.0,1.0,3.0,5.0,3.0,3.0,2.0,0.0,1.0,1.0,3.0,2.0,1.0,0.0,4.0,5.0,1.0,9.0,3.0,1.0,1.0,3.0,6.0,0.0,3.0,1.0,1.0,0.0,1.0,1.0,5.0,0.0,2.0,5.0,4.0,5.0,0.0,1.0,3.0,8.0,3.0,2.0,1.0,2.0,5.0,3.0,7.0,2.0,0.0,5.0,3.0,0.0,0.0,0.0,5.0,5.0,8.0,0.0,3.0,3.0,3.0,5.0,4.0,6.0,3.0,2.0,3.0,5.0,3.0,2.0,2.0,4.0,3.0,5.0,0.0,6.0,2.0,1.0,4.0,6.0,1.0,5.0,4.0,7.0,6.0,5.0,2.0,3.0,5.0,2.0,0.0,0.0,1.0,3.0,1.0,5.0,2.0,2.0,1.0,1.0,2.0,0.0,1.0,3.0,2.0,0.0,4.0,0.0,0.0,4.0,1.0,3.0,6.0,2.0,2.0,1.0,3.0,4.0,0.0,4.0,6.0,6.0,2.0,4.0,3.0,1.0,9.0,2.0,1.0,0.0,2.0,4.0,4.0,4.0,1.0,5.0,4.0,2.0,3.0,1.0,5.0,1.0,2.0,2.0,3.0,2.0,3.0,3.0,2.0,4.0,3.0,4.0,3.0,4.0,2.0,4.0,5.0,5.0,6.0,5.0,0.0,4.0,2.0,6.0,5.0,6.0,3.0,2.0,2.0,3.0,5.0,3.0,4.0,3.0,4.0,0.0,4.0,1.0,4.0,4.0,0.0,1.0,2.0,1.0,6.0,3.0,1.0,1.0,1.0,0.0,2.0,0.0,3.0,2.0,1.0,1.0,2.0,4.0,7.0,2.0,5.0,1.0,1.0,4.0,3.0,6.0,2.0,2.0,1.0,0.0,2.0,0.0,0.0,1.0,1.0,2.0,3.0,2.0,3.0,2.0,1.0,0.0,1.0,0.0,2.0,3.0,3.0,7.0,0.0,2.0,2.0,2.0,2.0,2.0,0.0,1.0,3.0,1.0,2.0,0.0,2.0,0.0,2.0,1.0,0.0,0.0,1.0,2.0,0.0,0.0,0.0,0.0,3.0,2.0,9.0,7.0,7.0,5.0,3.0,5.0,5.0,1.0,9.0,7.0,6.0,2.0,4.0,4.0,0.0,2.0,2.0,2.0,2.0,4.0,3.0,2.0,5.0,2.0,3.0,2.0,0.0,6.0,2.0,2.0,2.0,2.0,5.0,5.0,2.0,0.0,1.0,2.0,2.0,3.0,0.0,1.0,5.0,3.0,0.0,3.0,1.0,1.0,1.0,2.0,4.0,4.0,1.0,4.0,0.0,0.0,0.0,1.0,0.0,5.0,0.0,0.0,2.0,0.0,3.0,3.0,1.0,0.0,0.0,0.0,1.0,2.0,6.0,7.0,2.0,1.0,2.0,2.0,2.0,5.0
INTEGRACION NACIONAL,58.0,42.0,45.0,51.0,47.0,32.0,32.0,44.0,38.0,41.0,41.0,25.0,25.0,26.0,34.0,27.0,23.0,30.0,34.0,32.0,31.0,25.0,33.0,0.0,46.0,31.0,38.0,40.0,46.0,42.0,36.0,40.0,47.0,42.0,44.0,49.0,25.0,37.0,42.0,25.0,53.0,40.0,40.0,34.0,47.0,37.0,47.0,30.0,43.0,37.0,44.0,36.0,47.0,39.0,47.0,35.0,28.0,34.0,31.0,36.0,25.0,25.0,57.0,41.0,34.0,40.0,35.0,46.0,60.0,44.0,32.0,40.0,26.0,7.0,33.0,32.0,49.0,37.0,32.0,41.0,26.0,24.0,40.0,39.0,35.0,29.0,28.0,27.0,23.0,28.0,27.0,37.0,32.0,40.0,23.0,43.0,43.0,32.0,34.0,32.0,42.0,28.0,24.0,37.0,25.0,25.0,29.0,7.0,34.0,34.0,22.0,31.0,29.0,30.0,9.0,28.0,30.0,31.0,45.0,30.0,39.0,32.0,31.0,34.0,26.0,34.0,40.0,54.0,45.0,47.0,37.0,41.0,46.0,50.0,44.0,36.0,57.0,31.0,59.0,32.0,45.0,45.0,42.0,39.0,49.0,33.0,32.0,41.0,25.0,34.0,34.0,37.0,36.0,33.0,24.0,34.0,49.0,30.0,28.0,30.0,40.0,43.0,29.0,50.0,21.0,33.0,1.0,1.0,0.0,34.0,36.0,40.0,36.0,42.0,66.0,41.0,37.0,29.0,31.0,42.0,23.0,22.0,26.0,24.0,32.0,18.0,26.0,14.0,33.0,17.0,48.0,38.0,33.0,31.0,44.0,34.0,43.0,35.0,36.0,29.0,29.0,36.0,30.0,36.0,21.0,14.0,38.0,43.0,36.0,31.0,37.0,25.0,15.0,12.0,29.0,28.0,8.0,22.0,22.0,31.0,39.0,33.0,13.0,37.0,36.0,32.0,49.0,30.0,41.0,37.0,40.0,38.0,34.0,24.0,35.0,51.0,50.0,64.0,37.0,54.0,29.0,45.0,43.0,40.0,41.0,49.0,42.0,38.0,42.0,30.0,32.0,32.0,39.0,35.0,46.0,48.0,33.0,41.0,44.0,46.0,45.0,38.0,41.0,41.0,43.0,44.0,53.0,35.0,49.0,39.0,42.0,34.0,38.0,32.0,30.0,35.0,45.0,42.0,36.0,29.0,41.0,31.0,36.0,28.0,32.0,40.0,24.0,24.0,19.0,22.0,20.0,25.0,29.0,33.0,33.0,18.0,25.0,23.0,24.0,25.0,31.0,29.0,23.0,29.0,39.0,15.0,15.0,28.0,42.0,31.0,34.0,45.0,35.0,24.0,51.0,38.0,33.0,33.0,40.0,32.0,35.0,34.0,46.0,36.0,29.0,25.0,7.0,0.0,15.0,19.0,52.0,31.0,31.0,13.0,1.0,10.0,14.0,10.0,1.0,29.0,34.0,41.0,28.0,47.0,34.0,38.0,30.0,21.0,46.0,47.0,24.0,39.0,32.0,6.0,50.0,40.0,10.0,6.0,24.0,8.0,14.0,21.0,6.0,19.0,5.0,10.0,1.0,27.0,18.0,22.0,26.0,21.0,30.0,30.0,21.0,13.0,4.0,51.0,26.0,35.0,39.0,51.0,41.0,47.0,39.0,36.0,37.0,38.0,41.0,38.0,30.0,52.0,43.0,40.0,38.0,40.0,47.0,49.0,40.0,26.0,48.0,35.0,40.0,29.0,30.0,29.0,28.0,31.0,32.0,2.0,28.0,19.0,27.0,20.0,18.0,12.0,33.0,40.0,42.0,36.0,31.0,24.0,45.0,4.0,18.0,42.0,35.0,38.0,48.0,27.0,30.0,39.0,27.0,26.0,2.0,4.0,31.0,5.0,45.0,27.0,25.0,30.0,21.0,29.0,42.0,30.0,33.0,41.0,32.0
LIBERACION NACIONAL,64.0,84.0,59.0,47.0,77.0,62.0,65.0,70.0,58.0,67.0,75.0,108.0,117.0,133.0,110.0,107.0,95.0,98.0,79.0,81.0,87.0,75.0,81.0,26.0,96.0,96.0,78.0,94.0,90.0,111.0,104.0,106.0,85.0,81.0,90.0,83.0,95.0,66.0,67.0,58.0,56.0,52.0,51.0,62.0,77.0,67.0,77.0,71.0,81.0,58.0,59.0,89.0,69.0,59.0,42.0,50.0,70.0,57.0,54.0,63.0,86.0,65.0,52.0,58.0,47.0,73.0,63.0,45.0,58.0,81.0,68.0,91.0,61.0,9.0,43.0,49.0,89.0,55.0,55.0,59.0,60.0,61.0,63.0,83.0,53.0,75.0,66.0,51.0,43.0,128.0,83.0,61.0,81.0,48.0,62.0,64.0,69.0,67.0,46.0,69.0,87.0,47.0,34.0,50.0,65.0,71.0,51.0,42.0,80.0,80.0,75.0,86.0,59.0,96.0,20.0,47.0,54.0,59.0,41.0,71.0,58.0,61.0,35.0,34.0,35.0,67.0,68.0,56.0,51.0,51.0,66.0,58.0,63.0,56.0,49.0,42.0,50.0,65.0,50.0,46.0,67.0,58.0,53.0,72.0,70.0,70.0,49.0,83.0,71.0,65.0,85.0,73.0,63.0,87.0,77.0,79.0,75.0,89.0,97.0,67.0,80.0,64.0,84.0,50.0,56.0,37.0,20.0,6.0,22.0,93.0,96.0,86.0,71.0,107.0,80.0,84.0,84.0,92.0,90.0,68.0,73.0,51.0,66.0,60.0,129.0,161.0,127.0,110.0,140.0,39.0,79.0,98.0,63.0,88.0,51.0,55.0,47.0,61.0,51.0,84.0,66.0,31.0,111.0,102.0,112.0,103.0,122.0,139.0,131.0,110.0,105.0,106.0,81.0,38.0,38.0,50.0,59.0,83.0,73.0,83.0,80.0,73.0,25.0,64.0,56.0,73.0,70.0,52.0,32.0,60.0,47.0,52.0,45.0,35.0,77.0,74.0,60.0,68.0,60.0,62.0,65.0,71.0,58.0,59.0,66.0,82.0,61.0,57.0,69.0,49.0,67.0,55.0,53.0,64.0,82.0,72.0,56.0,68.0,68.0,70.0,57.0,53.0,51.0,84.0,82.0,88.0,85.0,80.0,79.0,81.0,91.0,62.0,58.0,73.0,62.0,77.0,71.0,60.0,68.0,91.0,67.0,61.0,52.0,65.0,64.0,79.0,37.0,66.0,39.0,36.0,38.0,62.0,47.0,39.0,48.0,54.0,52.0,61.0,43.0,36.0,40.0,34.0,40.0,36.0,34.0,28.0,33.0,41.0,86.0,105.0,87.0,102.0,86.0,114.0,107.0,110.0,117.0,68.0,92.0,90.0,75.0,83.0,77.0,50.0,73.0,46.0,4.0,8.0,46.0,64.0,117.0,74.0,97.0,55.0,29.0,27.0,23.0,33.0,26.0,88.0,66.0,84.0,74.0,59.0,58.0,55.0,65.0,81.0,126.0,94.0,73.0,109.0,83.0,31.0,93.0,99.0,68.0,55.0,43.0,22.0,54.0,62.0,28.0,19.0,35.0,60.0,5.0,81.0,74.0,55.0,58.0,78.0,64.0,56.0,57.0,47.0,53.0,73.0,41.0,81.0,88.0,79.0,73.0,68.0,73.0,87.0,79.0,122.0,78.0,73.0,87.0,56.0,69.0,77.0,102.0,63.0,81.0,66.0,86.0,81.0,67.0,81.0,88.0,52.0,50.0,57.0,53.0,58.0,52.0,4.0,64.0,69.0,78.0,28.0,58.0,30.0,90.0,87.0,62.0,56.0,44.0,64.0,75.0,16.0,79.0,143.0,87.0,102.0,62.0,69.0,66.0,74.0,40.0,98.0,19.0,35.0,204.0,19.0,67.0,83.0,72.0,64.0,76.0,89.0,82.0,74.0,76.0,76.0,57.0
MOVIMIENTO LIBERTARIO,2.0,5.0,3.0,7.0,5.0,9.0,3.0,8.0,7.0,5.0,3.0,1.0,8.0,5.0,7.0,7.0,5.0,7.0,6.0,9.0,7.0,14.0,5.0,1.0,4.0,5.0,4.0,3.0,2.0,3.0,4.0,2.0,4.0,5.0,1.0,2.0,4.0,2.0,1.0,14.0,6.0,2.0,3.0,1.0,4.0,3.0,7.0,2.0,0.0,5.0,4.0,3.0,4.0,4.0,5.0,12.0,4.0,5.0,6.0,6.0,1.0,1.0,3.0,5.0,4.0,1.0,3.0,6.0,6.0,2.0,2.0,2.0,1.0,0.0,5.0,4.0,3.0,5.0,4.0,7.0,5.0,2.0,3.0,6.0,3.0,10.0,4.0,4.0,1.0,2.0,2.0,5.0,5.0,5.0,5.0,8.0,1.0,7.0,7.0,4.0,0.0,7.0,4.0,4.0,3.0,4.0,7.0,0.0,3.0,5.0,4.0,2.0,1.0,3.0,0.0,4.0,5.0,8.0,3.0,3.0,8.0,4.0,5.0,3.0,3.0,13.0,2.0,10.0,7.0,4.0,5.0,1.0,6.0,2.0,5.0,3.0,7.0,4.0,4.0,6.0,9.0,3.0,6.0,10.0,3.0,1.0,6.0,6.0,6.0,5.0,3.0,7.0,7.0,7.0,0.0,3.0,5.0,7.0,7.0,2.0,6.0,5.0,4.0,5.0,3.0,0.0,1.0,0.0,0.0,3.0,5.0,6.0,1.0,6.0,1.0,9.0,6.0,5.0,4.0,3.0,2.0,2.0,3.0,3.0,2.0,4.0,3.0,5.0,4.0,2.0,3.0,7.0,3.0,4.0,7.0,3.0,10.0,8.0,7.0,4.0,3.0,9.0,1.0,1.0,1.0,1.0,7.0,3.0,7.0,5.0,4.0,4.0,2.0,3.0,7.0,3.0,1.0,1.0,1.0,3.0,1.0,4.0,2.0,3.0,3.0,7.0,4.0,3.0,7.0,4.0,2.0,5.0,1.0,8.0,5.0,4.0,4.0,3.0,4.0,4.0,3.0,7.0,1.0,7.0,3.0,3.0,3.0,6.0,6.0,2.0,1.0,3.0,2.0,5.0,5.0,3.0,4.0,4.0,7.0,8.0,5.0,4.0,5.0,5.0,4.0,2.0,5.0,5.0,4.0,3.0,3.0,2.0,1.0,3.0,2.0,4.0,6.0,4.0,1.0,4.0,4.0,4.0,6.0,4.0,8.0,4.0,4.0,2.0,4.0,6.0,5.0,2.0,5.0,6.0,8.0,7.0,7.0,6.0,3.0,4.0,4.0,5.0,7.0,6.0,4.0,3.0,4.0,2.0,2.0,0.0,6.0,2.0,2.0,5.0,2.0,6.0,3.0,6.0,1.0,3.0,2.0,1.0,2.0,2.0,1.0,2.0,0.0,0.0,0.0,1.0,3.0,1.0,0.0,0.0,0.0,0.0,0.0,4.0,0.0,3.0,2.0,2.0,4.0,1.0,3.0,2.0,3.0,2.0,2.0,1.0,0.0,2.0,2.0,0.0,1.0,4.0,0.0,2.0,2.0,1.0,0.0,2.0,0.0,0.0,0.0,1.0,1.0,1.0,4.0,2.0,4.0,3.0,3.0,0.0,0.0,0.0,3.0,7.0,3.0,3.0,6.0,5.0,7.0,5.0,3.0,5.0,6.0,2.0,2.0,3.0,2.0,4.0,4.0,4.0,4.0,6.0,1.0,7.0,5.0,5.0,7.0,2.0,3.0,3.0,0.0,1.0,7.0,7.0,3.0,0.0,5.0,3.0,5.0,1.0,2.0,1.0,5.0,1.0,6.0,2.0,2.0,2.0,4.0,0.0,4.0,0.0,3.0,4.0,2.0,4.0,3.0,7.0,1.0,2.0,0.0,0.0,2.0,2.0,6.0,4.0,7.0,4.0,1.0,0.0,5.0,3.0,4.0,3.0,6.0
NUEVA GENERACION,2.0,3.0,1.0,1.0,0.0,7.0,1.0,8.0,6.0,4.0,4.0,4.0,4.0,4.0,7.0,4.0,2.0,1.0,4.0,5.0,2.0,0.0,2.0,0.0,4.0,3.0,2.0,3.0,4.0,8.0,7.0,2.0,2.0,2.0,3.0,3.0,4.0,1.0,4.0,7.0,3.0,6.0,6.0,3.0,6.0,5.0,3.0,5.0,3.0,1.0,1.0,5.0,6.0,4.0,0.0,3.0,4.0,2.0,2.0,4.0,1.0,4.0,7.0,2.0,5.0,4.0,2.0,5.0,2.0,4.0,5.0,6.0,1.0,2.0,2.0,5.0,7.0,3.0,5.0,1.0,3.0,1.0,2.0,1.0,3.0,2.0,5.0,2.0,3.0,1.0,6.0,3.0,0.0,1.0,2.0,1.0,5.0,3.0,4.0,3.0,0.0,2.0,3.0,2.0,3.0,2.0,3.0,1.0,3.0,5.0,3.0,1.0,2.0,0.0,0.0,1.0,5.0,2.0,6.0,2.0,2.0,3.0,3.0,2.0,1.0,4.0,1.0,2.0,4.0,4.0,0.0,2.0,5.0,0.0,2.0,6.0,2.0,4.0,1.0,1.0,1.0,6.0,4.0,0.0,6.0,2.0,1.0,3.0,1.0,4.0,3.0,4.0,3.0,3.0,5.0,2.0,4.0,8.0,7.0,1.0,3.0,8.0,1.0,1.0,5.0,5.0,1.0,0.0,0.0,5.0,3.0,6.0,3.0,4.0,3.0,5.0,3.0,7.0,2.0,4.0,5.0,1.0,6.0,3.0,2.0,1.0,3.0,1.0,5.0,1.0,4.0,8.0,3.0,1.0,0.0,5.0,2.0,1.0,3.0,4.0,4.0,1.0,3.0,6.0,0.0,3.0,5.0,5.0,2.0,2.0,3.0,1.0,0.0,0.0,1.0,0.0,0.0,1.0,3.0,2.0,2.0,2.0,3.0,4.0,4.0,5.0,0.0,5.0,3.0,2.0,7.0,3.0,3.0,5.0,4.0,3.0,5.0,2.0,1.0,5.0,6.0,4.0,2.0,1.0,2.0,4.0,3.0,2.0,2.0,5.0,0.0,1.0,4.0,2.0,4.0,6.0,6.0,1.0,5.0,0.0,2.0,1.0,2.0,5.0,6.0,10.0,6.0,9.0,0.0,4.0,4.0,4.0,3.0,3.0,4.0,11.0,4.0,0.0,3.0,5.0,6.0,4.0,6.0,3.0,2.0,4.0,2.0,1.0,4.0,1.0,1.0,3.0,4.0,0.0,2.0,2.0,0.0,4.0,0.0,1.0,2.0,2.0,2.0,2.0,3.0,5.0,4.0,1.0,1.0,4.0,5.0,2.0,2.0,5.0,2.0,4.0,1.0,7.0,3.0,4.0,4.0,4.0,0.0,3.0,0.0,1.0,0.0,0.0,6.0,3.0,0.0,1.0,0.0,2.0,0.0,2.0,0.0,0.0,0.0,2.0,1.0,6.0,1.0,2.0,1.0,2.0,1.0,2.0,1.0,5.0,0.0,2.0,3.0,0.0,0.0,2.0,1.0,2.0,0.0,0.0,1.0,2.0,1.0,0.0,1.0,1.0,0.0,1.0,7.0,0.0,1.0,5.0,4.0,2.0,1.0,9.0,2.0,4.0,3.0,3.0,4.0,1.0,4.0,9.0,7.0,2.0,5.0,4.0,4.0,5.0,4.0,2.0,3.0,0.0,2.0,5.0,1.0,6.0,9.0,2.0,3.0,1.0,3.0,4.0,3.0,2.0,4.0,5.0,1.0,1.0,1.0,3.0,2.0,1.0,1.0,0.0,2.0,0.0,3.0,4.0,1.0,2.0,2.0,0.0,0.0,1.0,3.0,5.0,1.0,1.0,6.0,1.0,1.0,0.0,0.0,0.0,0.0,1.0,4.0,1.0,4.0,3.0,1.0,3.0,7.0,7.0,7.0,9.0,9.0
RENOVACION COSTARRICENSE,4.0,1.0,2.0,1.0,4.0,2.0,2.0,3.0,3.0,6.0,3.0,1.0,1.0,0.0,2.0,2.0,0.0,1.0,0.0,3.0,0.0,0.0,2.0,1.0,3.0,2.0,0.0,4.0,1.0,4.0,1.0,1.0,2.0,2.0,2.0,0.0,0.0,1.0,2.0,2.0,5.0,1.0,2.0,2.0,3.0,1.0,3.0,6.0,3.0,1.0,4.0,1.0,1.0,4.0,2.0,4.0,4.0,4.0,3.0,1.0,4.0,4.0,2.0,2.0,1.0,3.0,2.0,4.0,2.0,1.0,2.0,1.0,1.0,0.0,4.0,1.0,1.0,1.0,2.0,0.0,0.0,4.0,3.0,2.0,1.0,2.0,1.0,2.0,1.0,3.0,2.0,1.0,1.0,2.0,2.0,2.0,2.0,3.0,4.0,3.0,3.0,5.0,1.0,1.0,0.0,2.0,3.0,0.0,1.0,1.0,2.0,2.0,0.0,5.0,1.0,3.0,0.0,3.0,3.0,4.0,2.0,0.0,4.0,1.0,3.0,2.0,0.0,1.0,0.0,2.0,1.0,4.0,2.0,6.0,2.0,1.0,6.0,1.0,0.0,3.0,3.0,3.0,5.0,3.0,5.0,1.0,2.0,2.0,3.0,0.0,1.0,2.0,2.0,3.0,0.0,3.0,2.0,2.0,3.0,1.0,3.0,4.0,1.0,1.0,0.0,1.0,0.0,0.0,0.0,0.0,3.0,2.0,4.0,3.0,0.0,0.0,1.0,2.0,2.0,3.0,1.0,2.0,0.0,0.0,1.0,4.0,1.0,4.0,0.0,3.0,3.0,0.0,4.0,1.0,1.0,0.0,1.0,2.0,1.0,1.0,3.0,2.0,2.0,2.0,1.0,5.0,2.0,1.0,8.0,1.0,4.0,0.0,0.0,0.0,0.0,1.0,0.0,1.0,3.0,1.0,1.0,4.0,1.0,2.0,2.0,1.0,4.0,2.0,2.0,3.0,0.0,1.0,3.0,1.0,2.0,1.0,5.0,0.0,1.0,1.0,2.0,5.0,3.0,2.0,6.0,3.0,0.0,4.0,1.0,2.0,0.0,0.0,3.0,0.0,4.0,4.0,2.0,1.0,1.0,1.0,1.0,3.0,0.0,2.0,2.0,2.0,1.0,5.0,1.0,2.0,5.0,1.0,2.0,6.0,4.0,2.0,1.0,5.0,1.0,4.0,2.0,5.0,1.0,2.0,2.0,1.0,3.0,2.0,2.0,3.0,1.0,1.0,2.0,0.0,6.0,4.0,5.0,1.0,1.0,1.0,4.0,4.0,1.0,3.0,2.0,3.0,1.0,1.0,0.0,0.0,2.0,4.0,1.0,2.0,0.0,1.0,3.0,3.0,0.0,1.0,1.0,2.0,0.0,1.0,0.0,1.0,0.0,1.0,2.0,1.0,2.0,0.0,3.0,0.0,1.0,1.0,1.0,3.0,0.0,0.0,2.0,2.0,4.0,2.0,3.0,4.0,2.0,0.0,4.0,1.0,1.0,0.0,2.0,0.0,1.0,1.0,0.0,2.0,1.0,0.0,0.0,1.0,3.0,0.0,0.0,2.0,0.0,2.0,3.0,3.0,3.0,2.0,1.0,1.0,1.0,4.0,2.0,7.0,3.0,1.0,1.0,3.0,4.0,9.0,1.0,2.0,1.0,2.0,3.0,1.0,4.0,4.0,2.0,2.0,1.0,3.0,3.0,0.0,2.0,4.0,3.0,0.0,2.0,0.0,0.0,1.0,1.0,8.0,1.0,0.0,3.0,1.0,1.0,0.0,0.0,3.0,5.0,1.0,1.0,2.0,1.0,1.0,4.0,0.0,1.0,7.0,3.0,2.0,1.0,2.0,2.0,1.0,0.0,1.0,2.0,0.0,1.0,1.0,1.0,2.0,0.0,3.0,3.0,2.0,3.0,0.0,1.0,2.0,1.0
REPUBLICANO SOCIAL CRISTIANO,21.0,15.0,12.0,10.0,15.0,25.0,26.0,27.0,11.0,16.0,14.0,5.0,10.0,5.0,11.0,8.0,19.0,14.0,19.0,13.0,9.0,9.0,12.0,0.0,26.0,13.0,19.0,13.0,19.0,9.0,12.0,24.0,9.0,11.0,19.0,21.0,20.0,12.0,22.0,21.0,21.0,19.0,19.0,16.0,15.0,28.0,23.0,20.0,16.0,15.0,28.0,11.0,22.0,19.0,17.0,19.0,17.0,14.0,24.0,16.0,18.0,10.0,19.0,19.0,29.0,16.0,21.0,22.0,16.0,17.0,12.0,17.0,13.0,5.0,20.0,17.0,16.0,23.0,15.0,22.0,15.0,11.0,10.0,12.0,20.0,18.0,16.0,19.0,7.0,18.0,19.0,17.0,20.0,30.0,16.0,27.0,20.0,21.0,13.0,25.0,19.0,18.0,15.0,23.0,24.0,17.0,13.0,6.0,39.0,32.0,24.0,38.0,27.0,30.0,12.0,17.0,20.0,22.0,25.0,23.0,35.0,40.0,25.0,26.0,31.0,21.0,18.0,13.0,22.0,31.0,31.0,19.0,32.0,24.0,26.0,33.0,22.0,23.0,26.0,25.0,15.0,22.0,23.0,19.0,29.0,20.0,12.0,21.0,19.0,12.0,20.0,21.0,14.0,25.0,16.0,26.0,14.0,24.0,16.0,16.0,21.0,17.0,21.0,12.0,17.0,5.0,3.0,0.0,1.0,16.0,30.0,21.0,11.0,14.0,15.0,9.0,28.0,21.0,22.0,10.0,16.0,21.0,14.0,7.0,30.0,34.0,37.0,17.0,18.0,19.0,26.0,22.0,22.0,12.0,22.0,27.0,26.0,32.0,22.0,30.0,41.0,20.0,37.0,27.0,35.0,22.0,14.0,8.0,26.0,46.0,17.0,36.0,15.0,6.0,27.0,16.0,4.0,17.0,27.0,20.0,19.0,26.0,12.0,11.0,23.0,13.0,24.0,19.0,23.0,18.0,15.0,11.0,13.0,22.0,14.0,19.0,17.0,17.0,16.0,11.0,15.0,14.0,14.0,19.0,13.0,22.0,19.0,27.0,15.0,7.0,16.0,15.0,24.0,12.0,15.0,17.0,22.0,20.0,22.0,20.0,25.0,17.0,19.0,20.0,22.0,17.0,26.0,12.0,22.0,14.0,20.0,13.0,22.0,17.0,21.0,15.0,15.0,18.0,11.0,12.0,24.0,11.0,10.0,13.0,14.0,11.0,12.0,8.0,18.0,20.0,12.0,17.0,8.0,13.0,8.0,7.0,8.0,7.0,19.0,8.0,10.0,15.0,9.0,14.0,11.0,18.0,12.0,19.0,27.0,28.0,39.0,28.0,32.0,38.0,44.0,18.0,29.0,31.0,24.0,38.0,12.0,22.0,13.0,19.0,14.0,17.0,1.0,4.0,19.0,26.0,27.0,20.0,32.0,32.0,5.0,3.0,1.0,18.0,1.0,18.0,19.0,13.0,15.0,31.0,42.0,30.0,32.0,55.0,49.0,20.0,36.0,23.0,25.0,7.0,51.0,50.0,12.0,60.0,16.0,13.0,7.0,17.0,10.0,7.0,29.0,2.0,6.0,31.0,33.0,28.0,38.0,27.0,25.0,22.0,20.0,26.0,35.0,27.0,20.0,21.0,25.0,25.0,29.0,25.0,24.0,14.0,17.0,25.0,20.0,22.0,26.0,14.0,24.0,29.0,24.0,17.0,20.0,12.0,22.0,23.0,26.0,37.0,37.0,27.0,36.0,22.0,29.0,29.0,15.0,0.0,14.0,20.0,10.0,7.0,26.0,12.0,42.0,36.0,33.0,30.0,37.0,40.0,23.0,3.0,21.0,37.0,53.0,27.0,17.0,27.0,27.0,25.0,14.0,15.0,2.0,7.0,24.0,4.0,36.0,23.0,21.0,24.0,11.0,9.0,13.0,12.0,17.0,12.0,20.0
RESTAURACION NACIONAL,117.0,80.0,110.0,119.0,99.0,99.0,85.0,73.0,102.0,56.0,51.0,44.0,35.0,39.0,44.0,56.0,65.0,75.0,47.0,51.0,52.0,54.0,65.0,2.0,82.0,103.0,81.0,83.0,87.0,73.0,83.0,84.0,80.0,98.0,87.0,79.0,66.0,59.0,115.0,112.0,109.0,107.0,127.0,103.0,112.0,88.0,109.0,93.0,104.0,114.0,101.0,114.0,121.0,127.0,132.0,104.0,101.0,99.0,115.0,121.0,89.0,109.0,128.0,113.0,133.0,123.0,117.0,134.0,119.0,129.0,131.0,115.0,108.0,0.0,142.0,126.0,117.0,163.0,125.0,111.0,132.0,119.0,117.0,102.0,160.0,124.0,124.0,135.0,111.0,50.0,61.0,128.0,117.0,120.0,147.0,147.0,129.0,144.0,139.0,143.0,110.0,131.0,144.0,140.0,133.0,148.0,135.0,19.0,131.0,100.0,92.0,90.0,103.0,82.0,29.0,82.0,93.0,152.0,149.0,159.0,164.0,156.0,132.0,116.0,128.0,101.0,139.0,112.0,105.0,79.0,93.0,103.0,89.0,102.0,116.0,109.0,122.0,107.0,90.0,124.0,115.0,90.0,131.0,100.0,101.0,85.0,75.0,104.0,99.0,121.0,100.0,104.0,97.0,87.0,110.0,94.0,111.0,94.0,95.0,110.0,96.0,99.0,91.0,83.0,91.0,73.0,33.0,0.0,1.0,57.0,81.0,70.0,86.0,69.0,68.0,75.0,68.0,88.0,71.0,91.0,71.0,75.0,79.0,58.0,52.0,52.0,53.0,31.0,31.0,17.0,108.0,84.0,98.0,64.0,79.0,79.0,117.0,115.0,123.0,110.0,116.0,99.0,23.0,31.0,35.0,41.0,43.0,45.0,20.0,43.0,49.0,46.0,28.0,24.0,52.0,43.0,9.0,16.0,119.0,94.0,110.0,117.0,31.0,104.0,135.0,121.0,131.0,137.0,113.0,100.0,121.0,129.0,115.0,108.0,120.0,114.0,113.0,112.0,117.0,85.0,133.0,101.0,126.0,102.0,138.0,92.0,92.0,101.0,115.0,90.0,89.0,91.0,84.0,93.0,133.0,119.0,119.0,123.0,101.0,129.0,99.0,113.0,87.0,84.0,108.0,96.0,102.0,101.0,84.0,109.0,109.0,87.0,92.0,77.0,77.0,80.0,102.0,108.0,106.0,90.0,89.0,83.0,82.0,69.0,91.0,85.0,163.0,142.0,156.0,150.0,177.0,136.0,154.0,150.0,161.0,192.0,162.0,149.0,145.0,187.0,164.0,148.0,174.0,134.0,132.0,144.0,140.0,148.0,41.0,60.0,54.0,48.0,50.0,44.0,44.0,57.0,55.0,73.0,41.0,61.0,57.0,43.0,28.0,17.0,24.0,34.0,4.0,0.0,20.0,32.0,31.0,62.0,51.0,61.0,2.0,9.0,4.0,12.0,5.0,15.0,30.0,46.0,59.0,46.0,52.0,58.0,40.0,45.0,77.0,78.0,29.0,30.0,27.0,6.0,21.0,23.0,4.0,38.0,29.0,13.0,44.0,61.0,4.0,12.0,6.0,12.0,9.0,50.0,35.0,41.0,50.0,52.0,43.0,37.0,47.0,32.0,29.0,40.0,62.0,97.0,108.0,91.0,94.0,87.0,79.0,76.0,91.0,73.0,85.0,122.0,90.0,108.0,78.0,95.0,85.0,100.0,91.0,103.0,90.0,113.0,115.0,124.0,120.0,152.0,100.0,96.0,84.0,112.0,111.0,0.0,40.0,39.0,35.0,26.0,26.0,47.0,56.0,43.0,91.0,50.0,55.0,59.0,86.0,7.0,17.0,73.0,70.0,51.0,58.0,67.0,74.0,41.0,45.0,73.0,17.0,32.0,51.0,10.0,96.0,93.0,66.0,80.0,110.0,90.0,77.0,64.0,62.0,68.0,90.0
UNIDAD SOCIAL CRISTIANA,63.0,83.0,84.0,76.0,53.0,71.0,62.0,81.0,73.0,88.0,40.0,162.0,163.0,161.0,148.0,162.0,124.0,104.0,149.0,119.0,116.0,95.0,88.0,5.0,67.0,93.0,90.0,80.0,68.0,64.0,86.0,81.0,70.0,80.0,83.0,89.0,67.0,71.0,64.0,54.0,65.0,59.0,43.0,63.0,64.0,70.0,53.0,51.0,62.0,55.0,55.0,49.0,49.0,48.0,60.0,71.0,67.0,66.0,59.0,58.0,73.0,39.0,49.0,50.0,56.0,52.0,44.0,65.0,57.0,53.0,50.0,40.0,45.0,3.0,57.0,50.0,43.0,57.0,54.0,65.0,64.0,50.0,54.0,51.0,48.0,47.0,51.0,42.0,50.0,32.0,19.0,42.0,36.0,51.0,50.0,48.0,44.0,39.0,43.0,20.0,24.0,38.0,43.0,26.0,48.0,41.0,34.0,0.0,38.0,53.0,70.0,43.0,36.0,43.0,17.0,38.0,24.0,30.0,43.0,28.0,27.0,49.0,30.0,27.0,25.0,45.0,53.0,46.0,57.0,88.0,68.0,59.0,36.0,67.0,46.0,54.0,56.0,69.0,67.0,49.0,51.0,70.0,62.0,52.0,56.0,48.0,48.0,49.0,62.0,67.0,60.0,55.0,64.0,90.0,63.0,60.0,50.0,69.0,67.0,47.0,72.0,71.0,92.0,53.0,75.0,43.0,8.0,2.0,3.0,77.0,94.0,74.0,98.0,85.0,92.0,85.0,75.0,99.0,91.0,72.0,71.0,63.0,67.0,62.0,37.0,46.0,48.0,45.0,41.0,16.0,58.0,65.0,63.0,64.0,59.0,68.0,40.0,47.0,55.0,45.0,42.0,40.0,26.0,33.0,30.0,28.0,18.0,28.0,35.0,45.0,30.0,30.0,15.0,2.0,17.0,19.0,2.0,4.0,66.0,72.0,70.0,62.0,28.0,67.0,62.0,50.0,47.0,57.0,61.0,45.0,41.0,46.0,36.0,50.0,41.0,53.0,65.0,70.0,49.0,66.0,68.0,59.0,64.0,73.0,52.0,49.0,85.0,56.0,63.0,68.0,39.0,41.0,63.0,60.0,61.0,59.0,76.0,63.0,58.0,61.0,54.0,54.0,63.0,58.0,77.0,62.0,64.0,82.0,67.0,66.0,69.0,59.0,56.0,45.0,58.0,57.0,84.0,79.0,99.0,102.0,79.0,60.0,79.0,66.0,74.0,73.0,34.0,29.0,30.0,28.0,20.0,25.0,26.0,37.0,24.0,29.0,17.0,31.0,33.0,29.0,26.0,29.0,31.0,38.0,24.0,26.0,38.0,22.0,84.0,75.0,94.0,85.0,61.0,80.0,68.0,63.0,58.0,71.0,64.0,72.0,68.0,80.0,56.0,38.0,70.0,59.0,5.0,9.0,42.0,51.0,47.0,54.0,38.0,49.0,23.0,18.0,3.0,14.0,17.0,29.0,48.0,35.0,33.0,63.0,74.0,45.0,54.0,40.0,37.0,46.0,29.0,50.0,69.0,34.0,39.0,34.0,13.0,40.0,30.0,16.0,25.0,20.0,8.0,7.0,15.0,24.0,1.0,71.0,69.0,90.0,91.0,86.0,47.0,57.0,64.0,53.0,73.0,34.0,62.0,53.0,63.0,59.0,57.0,55.0,72.0,75.0,61.0,58.0,69.0,46.0,61.0,60.0,73.0,74.0,75.0,53.0,59.0,62.0,73.0,62.0,51.0,54.0,51.0,34.0,68.0,51.0,50.0,36.0,49.0,16.0,54.0,47.0,45.0,9.0,35.0,11.0,41.0,52.0,34.0,52.0,41.0,55.0,48.0,4.0,18.0,12.0,37.0,35.0,30.0,39.0,45.0,44.0,27.0,27.0,6.0,16.0,37.0,6.0,39.0,64.0,60.0,31.0,41.0,93.0,78.0,90.0,84.0,91.0,81.0
VOTOS NULOS,4.0,3.0,0.0,2.0,5.0,1.0,2.0,4.0,3.0,1.0,1.0,1.0,6.0,0.0,1.0,3.0,1.0,5.0,1.0,4.0,0.0,1.0,0.0,1.0,1.0,3.0,4.0,4.0,5.0,0.0,0.0,2.0,3.0,1.0,2.0,0.0,3.0,2.0,3.0,1.0,6.0,4.0,6.0,1.0,2.0,4.0,1.0,3.0,2.0,2.0,0.0,2.0,2.0,5.0,5.0,5.0,1.0,6.0,4.0,1.0,4.0,5.0,0.0,4.0,3.0,5.0,6.0,2.0,2.0,1.0,3.0,2.0,15.0,5.0,0.0,4.0,3.0,0.0,3.0,1.0,3.0,1.0,1.0,3.0,2.0,1.0,2.0,3.0,2.0,4.0,3.0,4.0,2.0,5.0,4.0,2.0,3.0,7.0,1.0,1.0,2.0,7.0,1.0,2.0,1.0,7.0,4.0,0.0,4.0,9.0,3.0,5.0,4.0,1.0,0.0,3.0,3.0,4.0,6.0,2.0,4.0,2.0,3.0,1.0,2.0,3.0,1.0,4.0,1.0,4.0,2.0,2.0,4.0,4.0,4.0,2.0,0.0,1.0,3.0,3.0,3.0,6.0,4.0,2.0,1.0,2.0,1.0,2.0,2.0,0.0,1.0,1.0,4.0,3.0,1.0,4.0,2.0,1.0,2.0,2.0,2.0,1.0,2.0,1.0,0.0,2.0,0.0,0.0,0.0,2.0,2.0,3.0,4.0,1.0,1.0,3.0,1.0,1.0,3.0,2.0,4.0,0.0,0.0,4.0,6.0,6.0,5.0,4.0,6.0,1.0,0.0,2.0,4.0,3.0,4.0,3.0,0.0,4.0,3.0,4.0,1.0,3.0,3.0,5.0,2.0,6.0,4.0,5.0,5.0,2.0,6.0,7.0,2.0,0.0,2.0,4.0,0.0,1.0,5.0,2.0,8.0,3.0,0.0,2.0,4.0,3.0,1.0,2.0,4.0,0.0,1.0,0.0,4.0,4.0,1.0,2.0,2.0,0.0,3.0,2.0,4.0,3.0,0.0,1.0,1.0,1.0,4.0,8.0,0.0,1.0,2.0,4.0,4.0,3.0,3.0,0.0,2.0,5.0,3.0,4.0,1.0,3.0,3.0,4.0,4.0,2.0,1.0,3.0,3.0,5.0,3.0,0.0,1.0,2.0,1.0,1.0,1.0,2.0,3.0,1.0,1.0,2.0,0.0,0.0,5.0,2.0,5.0,2.0,5.0,4.0,3.0,6.0,7.0,9.0,1.0,6.0,5.0,6.0,2.0,3.0,4.0,4.0,3.0,6.0,4.0,3.0,6.0,5.0,2.0,4.0,3.0,1.0,1.0,3.0,2.0,2.0,1.0,5.0,2.0,3.0,1.0,4.0,4.0,2.0,3.0,0.0,0.0,1.0,1.0,2.0,5.0,4.0,6.0,1.0,0.0,1.0,0.0,5.0,0.0,3.0,6.0,8.0,3.0,2.0,2.0,4.0,0.0,4.0,1.0,4.0,4.0,1.0,0.0,0.0,2.0,4.0,0.0,4.0,2.0,2.0,3.0,10.0,2.0,0.0,1.0,0.0,1.0,5.0,8.0,6.0,6.0,4.0,6.0,5.0,2.0,5.0,0.0,1.0,1.0,3.0,3.0,1.0,2.0,2.0,6.0,3.0,2.0,3.0,4.0,2.0,4.0,2.0,0.0,0.0,1.0,6.0,1.0,1.0,2.0,4.0,4.0,2.0,2.0,2.0,1.0,4.0,2.0,0.0,2.0,0.0,4.0,3.0,1.0,2.0,3.0,1.0,4.0,2.0,2.0,1.0,7.0,1.0,1.0,4.0,0.0,2.0,5.0,5.0,3.0,3.0,2.0,2.0,0.0,5.0,2.0,6.0,9.0,2.0,4.0,6.0,2.0,3.0,3.0,3.0,4.0,0.0,5.0,2.0,5.0
VOTOS BLANCOS,0.0,0.0,0.0,0.0,1.0,2.0,0.0,0.0,0.0,1.0,0.0,0.0,0.0,1.0,0.0,0.0,0.0,0.0,0.0,0.0,0.0,0.0,0.0,0.0,0.0,2.0,0.0,0.0,1.0,0.0,1.0,0.0,2.0,0.0,0.0,0.0,1.0,0.0,1.0,0.0,0.0,0.0,0.0,0.0,1.0,0.0,0.0,1.0,0.0,0.0,0.0,0.0,2.0,0.0,0.0,2.0,0.0,0.0,0.0,1.0,0.0,0.0,1.0,1.0,1.0,0.0,0.0,0.0,0.0,1.0,0.0,1.0,0.0,0.0,0.0,0.0,0.0,1.0,1.0,0.0,0.0,1.0,1.0,0.0,1.0,0.0,0.0,0.0,0.0,2.0,0.0,0.0,0.0,0.0,0.0,0.0,0.0,1.0,0.0,0.0,2.0,1.0,0.0,0.0,1.0,1.0,0.0,0.0,0.0,0.0,0.0,0.0,0.0,0.0,0.0,1.0,1.0,0.0,0.0,1.0,0.0,0.0,0.0,0.0,0.0,1.0,0.0,0.0,0.0,0.0,0.0,0.0,0.0,2.0,0.0,0.0,0.0,0.0,0.0,0.0,3.0,0.0,0.0,0.0,0.0,1.0,0.0,0.0,2.0,0.0,1.0,2.0,0.0,1.0,0.0,1.0,0.0,1.0,0.0,0.0,0.0,0.0,2.0,1.0,0.0,1.0,0.0,0.0,0.0,2.0,0.0,0.0,0.0,1.0,0.0,0.0,0.0,0.0,0.0,1.0,0.0,0.0,0.0,1.0,2.0,2.0,3.0,1.0,0.0,0.0,0.0,2.0,0.0,1.0,0.0,2.0,0.0,1.0,0.0,0.0,0.0,0.0,2.0,0.0,2.0,2.0,0.0,2.0,2.0,0.0,2.0,2.0,0.0,0.0,0.0,2.0,0.0,1.0,0.0,1.0,1.0,1.0,0.0,0.0,1.0,0.0,0.0,0.0,0.0,0.0,1.0,1.0,0.0,0.0,0.0,0.0,0.0,2.0,0.0,3.0,2.0,0.0,0.0,1.0,0.0,0.0,0.0,0.0,0.0,0.0,0.0,0.0,0.0,1.0,0.0,0.0,1.0,0.0,0.0,0.0,0.0,0.0,0.0,0.0,0.0,0.0,0.0,0.0,1.0,1.0,1.0,0.0,0.0,2.0,0.0,1.0,1.0,0.0,1.0,3.0,1.0,0.0,0.0,1.0,0.0,2.0,1.0,1.0,0.0,2.0,0.0,1.0,0.0,0.0,0.0,0.0,1.0,1.0,0.0,1.0,3.0,1.0,2.0,2.0,2.0,0.0,1.0,3.0,0.0,0.0,0.0,0.0,1.0,1.0,0.0,0.0,1.0,1.0,1.0,0.0,1.0,0.0,0.0,0.0,1.0,0.0,3.0,0.0,0.0,0.0,2.0,1.0,0.0,3.0,0.0,1.0,0.0,0.0,0.0,1.0,2.0,1.0,1.0,2.0,2.0,2.0,2.0,0.0,1.0,1.0,1.0,1.0,0.0,0.0,3.0,1.0,1.0,0.0,0.0,2.0,1.0,2.0,1.0,0.0,1.0,0.0,0.0,0.0,1.0,1.0,0.0,1.0,0.0,1.0,1.0,1.0,3.0,0.0,0.0,3.0,0.0,0.0,1.0,0.0,0.0,0.0,1.0,0.0,0.0,0.0,1.0,0.0,0.0,0.0,0.0,2.0,1.0,1.0,0.0,0.0,0.0,1.0,2.0,0.0,0.0,2.0,0.0,1.0,0.0,1.0,1.0,2.0,1.0,0.0,2.0,0.0,2.0,1.0,1.0,0.0,3.0,0.0,1.0,0.0,0.0,1.0,1.0,2.0,1.0,0.0,0.0,1.0,1.0,1.0,1.0,0.0,3.0,1.0,0.0,0.0,0.0,0.0,0.0,0.0,1.0,2.0,1.0,0.0,0.0
